{
	"about": {
		"version": "1.9.1"
	},
	"activate-power-mode": {
		"version": "2.7.0"
	},
	"archive-view": {
		"version": "0.65.2"
	},
	"atom-beautify": {
		"version": "0.33.4"
	},
	"atom-bootstrap3": {
		"version": "1.2.12"
	},
	"atom-css-comb": {
		"version": "3.5.1"
	},
	"atom-dark-syntax": {
		"version": "0.29.1",
		"theme": "syntax"
	},
	"atom-dark-ui": {
		"version": "0.53.3",
		"theme": "ui"
	},
	"atom-ide-ui": {
		"version": "0.13.0"
	},
	"atom-light-syntax": {
		"version": "0.29.1",
		"theme": "syntax"
	},
	"atom-light-ui": {
		"version": "0.46.3",
		"theme": "ui"
	},
	"atom-minify": {
		"version": "0.8.0"
	},
	"atom-runner": {
		"version": "2.7.1"
	},
	"atom-wrap-in-tag": {
		"version": "0.6.0"
	},
	"auto-detect-indentation": {
		"version": "1.3.0"
	},
	"autoclose-html": {
		"version": "0.23.0"
	},
	"autocomplete-atom-api": {
		"version": "0.10.7"
	},
	"autocomplete-css": {
		"version": "0.17.5"
	},
	"autocomplete-html": {
		"version": "0.8.8"
	},
	"autocomplete-paths": {
		"version": "2.12.17"
	},
	"autocomplete-plus": {
		"version": "2.42.3"
	},
	"autocomplete-snippets": {
		"version": "1.12.1"
	},
	"autoflow": {
		"version": "0.29.4"
	},
	"autosave": {
		"version": "0.24.6"
	},
	"background-tips": {
		"version": "0.28.0"
	},
	"base16-tomorrow-dark-theme": {
		"version": "1.6.0",
		"theme": "syntax"
	},
	"base16-tomorrow-light-theme": {
		"version": "1.6.0",
		"theme": "syntax"
	},
	"bookmarks": {
		"version": "0.46.0"
	},
	"bracket-matcher": {
		"version": "0.91.2"
	},
	"busy-signal": {
		"version": "2.0.1"
	},
	"color-picker": {
		"version": "2.3.0"
	},
	"command-palette": {
		"version": "0.43.5"
	},
	"dalek": {
		"version": "0.2.2"
	},
	"deprecation-cop": {
		"version": "0.56.9"
	},
	"dev-live-reload": {
		"version": "0.48.1"
	},
	"double-tag": {
		"version": "1.7.0"
	},
	"emmet": {
		"version": "2.4.3"
	},
	"encoding-selector": {
		"version": "0.23.9"
	},
	"exception-reporting": {
		"version": "0.43.1"
	},
	"file-icons": {
		"version": "2.1.46"
	},
	"find-and-replace": {
		"version": "0.219.7"
	},
	"fonts": {
		"version": "3.12.0"
	},
	"fuzzy-finder": {
		"version": "1.14.3"
	},
	"git-diff": {
		"version": "1.3.9"
	},
	"github": {
		"version": "0.36.2"
	},
	"go-to-line": {
		"version": "0.33.0"
	},
	"grammar-selector": {
		"version": "0.50.1"
	},
	"highlight-selected": {
		"version": "0.17.0"
	},
	"ide-ruby": {
		"version": "0.5.0"
	},
	"image-view": {
		"version": "0.64.0"
	},
	"incompatible-packages": {
		"version": "0.27.3"
	},
	"intentions": {
		"version": "1.1.5"
	},
	"jquery-snippets": {
		"version": "11.0.0"
	},
	"keybinding-resolver": {
		"version": "0.39.0"
	},
	"language-c": {
		"version": "0.60.19"
	},
	"language-clojure": {
		"version": "0.22.8"
	},
	"language-coffee-script": {
		"version": "0.50.0"
	},
	"language-csharp": {
		"version": "1.1.0"
	},
	"language-css": {
		"version": "0.44.4"
	},
	"language-gfm": {
		"version": "0.90.8"
	},
	"language-git": {
		"version": "0.19.1"
	},
	"language-go": {
		"version": "0.47.2"
	},
	"language-html": {
		"version": "0.53.1"
	},
	"language-hyperlink": {
		"version": "0.17.1"
	},
	"language-java": {
		"version": "0.32.0"
	},
	"language-javascript": {
		"version": "0.134.1"
	},
	"language-json": {
		"version": "1.0.5"
	},
	"language-less": {
		"version": "0.34.3"
	},
	"language-make": {
		"version": "0.23.0"
	},
	"language-mustache": {
		"version": "0.14.5"
	},
	"language-objective-c": {
		"version": "0.16.0"
	},
	"language-perl": {
		"version": "0.38.1"
	},
	"language-php": {
		"version": "0.44.7"
	},
	"language-property-list": {
		"version": "0.9.1"
	},
	"language-python": {
		"version": "0.53.5"
	},
	"language-ruby": {
		"version": "0.72.23"
	},
	"language-ruby-on-rails": {
		"version": "0.25.3"
	},
	"language-rust-bundled": {
		"version": "0.1.0"
	},
	"language-sass": {
		"version": "0.62.1"
	},
	"language-shellscript": {
		"version": "0.28.2"
	},
	"language-source": {
		"version": "0.9.0"
	},
	"language-sql": {
		"version": "0.25.10"
	},
	"language-text": {
		"version": "0.7.4"
	},
	"language-todo": {
		"version": "0.29.4"
	},
	"language-toml": {
		"version": "0.20.0"
	},
	"language-typescript": {
		"version": "0.6.3"
	},
	"language-xml": {
		"version": "0.35.3"
	},
	"language-yaml": {
		"version": "0.32.0"
	},
	"line-ending-selector": {
		"version": "0.7.7"
	},
	"link": {
		"version": "0.31.6"
	},
	"linter": {
		"version": "3.2.3"
	},
	"linter-js-standard": {
		"version": "7.0.0"
	},
	"linter-php": {
		"version": "1.6.1"
	},
	"linter-ui-default": {
		"version": "2.4.1"
	},
	"linter-write-good": {
		"version": "0.9.3"
	},
	"markdown-preview": {
		"version": "0.160.2"
	},
	"metrics": {
		"version": "1.8.1"
	},
	"minimap": {
		"version": "4.39.5"
	},
	"multi-cursor": {
		"version": "3.0.0"
	},
	"notifications": {
		"version": "0.71.0"
	},
	"oceanic-next": {
		"version": "1.0.0",
		"theme": "syntax"
	},
	"one-dark-syntax": {
		"version": "1.8.4",
		"theme": "syntax"
	},
	"one-dark-ui": {
		"version": "1.12.5",
		"theme": "ui"
	},
	"one-light-syntax": {
		"version": "1.8.4",
		"theme": "syntax"
	},
	"one-light-ui": {
		"version": "1.12.5",
		"theme": "ui"
	},
	"open-on-github": {
		"version": "1.3.2"
	},
	"open-recent": {
		"version": "5.0.0"
	},
	"package-generator": {
		"version": "1.3.0"
	},
	"pigments": {
		"version": "0.40.6"
	},
	"platformio-ide-terminal": {},
	"settings-view": {
		"version": "0.261.6"
	},
	"snippets": {
		"version": "1.5.1"
	},
	"solarized-dark-syntax": {
		"version": "1.3.0",
		"theme": "syntax"
	},
	"solarized-light-syntax": {
		"version": "1.3.0",
		"theme": "syntax"
	},
	"spell-check": {
		"version": "0.76.2"
	},
	"split-diff": {
		"version": "1.6.1"
	},
	"status-bar": {
		"version": "1.8.17"
	},
	"styleguide": {
		"version": "0.49.12"
	},
	"Sublime-Style-Column-Selection": {
		"version": "1.7.5"
	},
	"symbols-view": {
		"version": "0.118.4"
	},
	"sync-settings": {
		"version": "5.2.3"
	},
	"tablr": {
		"version": "1.8.3"
	},
	"tabs": {
		"version": "0.110.0"
	},
	"tag": {
		"version": "0.5.0"
	},
	"timecop": {
		"version": "0.36.2"
	},
	"tree-view": {
		"version": "0.228.2"
	},
	"update-package-dependencies": {
		"version": "0.13.1"
	},
	"welcome": {
		"version": "0.36.9"
	},
	"whitespace": {
		"version": "0.37.7"
	},
	"wrap-guide": {
		"version": "0.41.0"
	}
}